lake_community,county,month,year,type
Reported blue-green algae in previous years Lake Nearest Community County Reported Bloom type Lac en Bas Concession,Digby,November,2025,Bloom
Harrison Lake Maccan,Cumberland,October,2025,Bloom
Flat Lake (near Stillwater Lake) Upper Tantallon,Halifax,September,2025,
Sandy Lake Bedford,Halifax,September,2025,
Third Lake Fall River,Halifax,August,2025,Bloom
Lumsden Pond Black River,Kings,August,2025,
Gaspereau Lake South Alton,Kings,August,2025,
Gairloch Lake New Gairloch,Pictou,August,2025,
Lake George Lake George,Kings,August,2025,Bloom
Lake Torment East Dalhousie,Kings,August,2025,Bloom
Five Island Lake Hubley,Halifax,August,2025,Bloom
Hubley Mills Lake Upper Tantallon,Halifax,August,2025,Bloom
First Lake Lower Sackville,Halifax,August,2025,Bloom
Aylesford Lake Aylesford Lake,Kings,July,2025,Bloom
Mattatall Lake Mattatall Lake,Cumberland,July,2025,Bloom
Crooked Lake Camperdown,Lunenburg,July,2025,Bloom
Elbow lake Stillwater,Halifax,July,2025,Bloom
Fish Lake Oakfield,Halifax,July,2025,
Gavels Lake Raynardton,Yarmouth,July,2025,Bloom
Lake Vaughan Gavelton,Yarmouth,July,2025,Bloom
Lake Charlotte Eastern Shore,Halifax,July,2025,Bloom
Parr Lake Forest Glen,Yarmouth,July,2025,Bloom
"Big Hubley Lake Hubley Lake Drive, Hubley",Halifax,July,2025,Bloom
"Halfway Lake Halfway Lake Drive, Hammonds Plains",Halifax,July,2025,Bloom
French River Tatamagouche,Colchester,July,2025,Benthic
Lake Ainslie Lake Ainslie,Inverness,July,2025,Bloom
Crosskill Lake Hampton,Annapolis,July,2025,Bloom
Lochaber Lake Lochaber,Antigonish,June,2025,Bloom
Indian Harbour Lake Indian Harbour,Guysborough,June,2025,Bloom
Molega Lake (Mill Cove/Doyle Cove portion) Chelsea,Lunenburg,June,2025,Bloom
Bell Lake Dartmouth,Halifax,June,2025,Bloom
Grant Lake Mulgrave,Guysborough,June,2025,Bloom
Ponhook Lake (Canoe Cove) Greenfield,Queens,June,2025,Bloom
Shubenacadie Grand Lake at Fish Lake Oakfield,Halifax,June,2025,Benthic
Molega Lake (Beavertail Basin portion) Beavertail Basin,Queens,June,2025,Bloom
Sandy Lake Bedford,Halifax,September,2024,Bloom
Sandy Lake Hammonds Plains,Halifax,September,2024,
Soldier Lake Fall River,Halifax,September,2024,
Bissett Lake Cole Harbour,Halifax,September,2024,
McGrath Lake Brookside,Halifax,September,2024,
Long Lake Kingswood,Halifax,September,2024,
St Andrews Lake (A Lake) Fall River,Halifax,September,2024,
Beaverdam Lake Labelle,Queens,September,2024,
Lake Torment East Dalhousie,Kings,September,2024,
Governor Lake Timberlea,Halifax,September,2024,
Smelt Brook Porters Lake,Halifax,September,2024,Mat
Tucker Lake Beaverbank,Halifax,August,2024,
Hubley Mill Lake Tantallon,Halifax,August,2024,
Russell Lake Dartmouth,Halifax,August,2024,Benthic
Mat Shubenacadie Canal Shubie Park (Dartmouth),Halifax,August,2024,
Black Duck Lake East Dalhousie,Kings,August,2024,
Mack Lake East Dalhousie,Kings,August,2024,
Little Salmon River Westphal,Halifax,August,2024,Mat
Shortt's Lake Alton,Colchester,August,2024,Mat
Frederick Lake Hubley,Halifax,August,2024,
Lizard Lake Hubley,Halifax,July,2024,
"Outlet Stream Northern tip of Kearney Lake, Larry Uteck Boulevard",Halifax,July,2024,
Lake Paul Lake Paul,Kings,July,2024,
Salmon River Truro,Colchester,July,2024,
Eel Pond Musquodoboit Harbour (Smith Settlement),Halifax,July,2024,
Lizard Lake Hubley,Halifax,July,2024,
Lake Ainslie Inverness,Inverness,July,2024,
Crooked Lake Framboise,Richmond,July,2024,Benthic
Mat Phinneys Pond Victoria Vale,Annapolis,July,2024,
Morris Lake Portland Hills (Dartmouth),Halifax,July,2024,Benthic
Mat All ponds in Colliery Park New Waterford,Cape Breton,July,2024,Benthic
Mat Five Island Lake Hubley,Halifax,July,2024,
Lochaber Lake Lochaber,Antigonish,July,2024,
Loch Lomond Lake Loch Lomond,Richmond,July,2024,
Haines Lake North Range,Digby,July,2024,
Fenerty Lake Beaver Bank,Halifax,June,2024,
Mortons Lake Hammonds Plains,Hants,June,2024,
Lake Echo Mineville,Halifax,June,2024,Pelagic
Lake Ogden Carleton,Yarmouth,June,2024,
Lake Parr Carleton,Yarmouth,June,2024,
Chocolate Lake Halifax,Halifax,June,2024,
Penhorn Lake Dartmouth,Halifax,June,2024,Benthic
French River Tatamagouche,Colchester,June,2024,Benthic
Sherbrooke Lake,Lunenburg,June,2024,
Gaspereau Lake Forest Home,Kings,June,2024,
"Oathill Lake Manor Park, Dartmouth",Halifax,June,2024,Benthic
First Lake Lower Sackville,Halifax,June,2024,
Unnamed pond Black Point,Pictou,June,2024,
Pigott Lake Lakelands,Hants,May,2024,
Springfield Lake Beach Middle Sackville,Halifax,May,2024,
"Cranberry Lake Gregory Drive Park, Dartmouth",Halifax,May,2024,Benthic
Piggott Lake Hatchet Lake Lakelands,Hants,October,2023,
Penhorn Lake Halifax,Halifax,September,2023,
Cox Lake Dartmouth,Halifax,September,2023,
Journeays Lake Hammonds Plains,Halifax,September,2023,
Lake Charles Ohio,Digby,September,2023,
Lake Banook Dartmouth,Halifax,September,2023,
Russell Lake Dartmouth,Halifax,August,2023,
Methals Lake Dartmouth,Halifax,August,2023,
Soldier Lake Black River,Kings,August,2023,
Raynards Lake Miller Lake West,Halifax,August,2023,
Sixth Lake Pleasant Valley,Yarmouth,August,2023,
Sandy Bottom Lake Stillwater,Guysborough,August,2023,
Elbow Lake West Springhill,Annapolis,August,2023,
Little Albro Lake Hammonds Plains,Halifax,August,2023,
Mingo Beck Lake Dartmouth,Halifax,July,2023,
Frog Pond Bell Neck,Yarmouth,July,2023,
Porcupine Lake Halifax,Halifax,July,2023,
Murphy Lake New Tusket,Digby,July,2023,
Brazil Lake Kentville,Kings,July,2023,
Porter’s Lake Carleton,Yarmouth,July,2023,
Lumsden Pond South Range,Digby,July,2023,
Sullivans Lake Greenwich,Kings,July,2023,
Lily Lake Easton,Digby,July,2023,
Gairloch Lake Lakelands,Hants,July,2023,
Powder Mill Lake New Gairloch,Pictou,July,2023,
Falls Lake Waverley,Halifax,July,2023,
Governor Lake Lower Vaughan,Hants,July,2023,
Rocky Lake Timberlea/Lakeside,Halifax,July,2023,
Deveau’s Pond Lakeview,Halifax,July,2023,
Partridge Island Lake Port Maitland,Digby,July,2023,
Lake Ainslie Weaver Settlement,Digby,July,2023,
Morris Lake Lake Ainslie,Inverness,July,2023,
Lochaber Lake Kiwanis Beach,Halifax,July,2023,
Scotts Lake Lochaber,Antigonish,July,2023,
Ameros Lake Near Hassett,Digby,July,2023,
Mattatall Lake Near Danvers,Digby,July,2023,
Fox Point Lake,Cumberland,July,2023,
Indian Harbor Lake,Lunenburg,July,2023,
Long Lake,Guysborough,July,2023,
Loon Lake Hammonds Plains,Halifax,July,2023,Benthic
Lake Ogden,Halifax,June,2023,
Carleton,Yarmouth,June,2023,
Lake Fanning,Yarmouth,June,2023,
Lake Martha,Hants,June,2023,
Three Mile Lake,Halifax,June,2023,
Kinsac Lake,Halifax,June,2023,
Second Lake  Lower Sackville,Halifax,June,2023,
First Lake,Halifax,June,2023,
Molega Lake,Queens,June,2023,
Aylesford Lake,Kings,June,2023,
Shubenacadie Grand Lake,Halifax,June,2023,
Wrights Lake,Halifax,June,2023,
Covey Lake,Lunenburg,June,2023,
Lake Torment  East Dalhousie,Kings,June,2023,
Armstrong Lake  East Dalhousie,Kings,June,2023,
Oat Hill Lake,Halifax,June,2023,Benthic
